{
  "SearchByName" : {
    "transaction" : "SearchByName",
    "sampleCount" : 6000,
    "errorCount" : 0,
    "errorPct" : 0.0,
    "meanResTime" : 1491.2324999999973,
    "medianResTime" : 1470.0,
    "minResTime" : 29.0,
    "maxResTime" : 5227.0,
    "pct1ResTime" : 2058.9000000000005,
    "pct2ResTime" : 2334.95,
    "pct3ResTime" : 3125.9699999999993,
    "throughput" : 38.587194196485996,
    "receivedKBytesPerSec" : 20.763226564710727,
    "sentKBytesPerSec" : 6.707539616186042
  },
  "getCommodityInfo" : {
    "transaction" : "getCommodityInfo",
    "sampleCount" : 6000,
    "errorCount" : 0,
    "errorPct" : 0.0,
    "meanResTime" : 1496.8493333333322,
    "medianResTime" : 1473.0,
    "minResTime" : 30.0,
    "maxResTime" : 5543.0,
    "pct1ResTime" : 2052.9000000000005,
    "pct2ResTime" : 2329.8499999999995,
    "pct3ResTime" : 3047.949999999999,
    "throughput" : 39.44487906857493,
    "receivedKBytesPerSec" : 40.253807252598435,
    "sentKBytesPerSec" : 6.972190538488341
  },
  "AddEvaluation" : {
    "transaction" : "AddEvaluation",
    "sampleCount" : 6000,
    "errorCount" : 2,
    "errorPct" : 0.033333335,
    "meanResTime" : 1477.2326666666665,
    "medianResTime" : 1457.0,
    "minResTime" : 79.0,
    "maxResTime" : 21060.0,
    "pct1ResTime" : 2041.9000000000005,
    "pct2ResTime" : 2373.8999999999996,
    "pct3ResTime" : 3105.99,
    "throughput" : 38.2687229727144,
    "receivedKBytesPerSec" : 11.763334557135204,
    "sentKBytesPerSec" : 10.871568670831579
  },
  "AddList" : {
    "transaction" : "AddList",
    "sampleCount" : 6000,
    "errorCount" : 0,
    "errorPct" : 0.0,
    "meanResTime" : 1673.309833333335,
    "medianResTime" : 1619.5,
    "minResTime" : 21.0,
    "maxResTime" : 8477.0,
    "pct1ResTime" : 2444.0,
    "pct2ResTime" : 2770.8499999999995,
    "pct3ResTime" : 3613.5699999999906,
    "throughput" : 39.895739135060374,
    "receivedKBytesPerSec" : 12.181518496246476,
    "sentKBytesPerSec" : 7.285647674078408
  },
  "WishListRemove" : {
    "transaction" : "WishListRemove",
    "sampleCount" : 6000,
    "errorCount" : 2,
    "errorPct" : 0.033333335,
    "meanResTime" : 1436.4431666666667,
    "medianResTime" : 1431.0,
    "minResTime" : 20.0,
    "maxResTime" : 7042.0,
    "pct1ResTime" : 2007.9000000000005,
    "pct2ResTime" : 2268.95,
    "pct3ResTime" : 2958.9799999999996,
    "throughput" : 40.14237161131479,
    "receivedKBytesPerSec" : 10.412071375645624,
    "sentKBytesPerSec" : 7.48749314234485
  },
  "ShoppingCartRemove" : {
    "transaction" : "ShoppingCartRemove",
    "sampleCount" : 6000,
    "errorCount" : 0,
    "errorPct" : 0.0,
    "meanResTime" : 1463.630000000003,
    "medianResTime" : 1442.5,
    "minResTime" : 22.0,
    "maxResTime" : 8772.0,
    "pct1ResTime" : 2004.0,
    "pct2ResTime" : 2284.95,
    "pct3ResTime" : 2997.99,
    "throughput" : 39.718790960003176,
    "receivedKBytesPerSec" : 10.300923627384782,
    "sentKBytesPerSec" : 7.718788477578742
  },
  "Total" : {
    "transaction" : "Total",
    "sampleCount" : 60000,
    "errorCount" : 5,
    "errorPct" : 0.008333334,
    "meanResTime" : 1529.9044333333384,
    "medianResTime" : 1591.0,
    "minResTime" : 20.0,
    "maxResTime" : 21062.0,
    "pct1ResTime" : 2273.0,
    "pct2ResTime" : 2575.0,
    "pct3ResTime" : 3312.0,
    "throughput" : 380.36553127555584,
    "receivedKBytesPerSec" : 174.08479744346818,
    "sentKBytesPerSec" : 76.2907701827498
  },
  "AddShoppingCart" : {
    "transaction" : "AddShoppingCart",
    "sampleCount" : 6000,
    "errorCount" : 0,
    "errorPct" : 0.0,
    "meanResTime" : 1705.0554999999993,
    "medianResTime" : 1636.0,
    "minResTime" : 27.0,
    "maxResTime" : 8138.0,
    "pct1ResTime" : 2485.0,
    "pct2ResTime" : 2786.8999999999996,
    "pct3ResTime" : 3535.869999999997,
    "throughput" : 39.583058450982975,
    "receivedKBytesPerSec" : 12.084693571463912,
    "sentKBytesPerSec" : 7.537789451114922
  },
  "Login" : {
    "transaction" : "Login",
    "sampleCount" : 6000,
    "errorCount" : 1,
    "errorPct" : 0.016666668,
    "meanResTime" : 1462.8475000000067,
    "medianResTime" : 1453.5,
    "minResTime" : 29.0,
    "maxResTime" : 21062.0,
    "pct1ResTime" : 2021.0,
    "pct2ResTime" : 2301.0,
    "pct3ResTime" : 3040.949999999999,
    "throughput" : 38.379612749707356,
    "receivedKBytesPerSec" : 9.871918536873213,
    "sentKBytesPerSec" : 9.705725568577972
  },
  "AddToGameLibrary " : {
    "transaction" : "AddToGameLibrary ",
    "sampleCount" : 6000,
    "errorCount" : 0,
    "errorPct" : 0.0,
    "meanResTime" : 1518.9516666666657,
    "medianResTime" : 1455.0,
    "minResTime" : 55.0,
    "maxResTime" : 12833.0,
    "pct1ResTime" : 2151.0,
    "pct2ResTime" : 2503.95,
    "pct3ResTime" : 3595.8399999999965,
    "throughput" : 38.29705750941469,
    "receivedKBytesPerSec" : 11.631235239675753,
    "sentKBytesPerSec" : 7.180698283015255
  },
  "CommodityInfo" : {
    "transaction" : "CommodityInfo",
    "sampleCount" : 6000,
    "errorCount" : 0,
    "errorPct" : 0.0,
    "meanResTime" : 1573.4921666666714,
    "medianResTime" : 1486.0,
    "minResTime" : 58.0,
    "maxResTime" : 8970.0,
    "pct1ResTime" : 2244.9000000000005,
    "pct2ResTime" : 2678.8999999999996,
    "pct3ResTime" : 4032.409999999987,
    "throughput" : 38.16648219533605,
    "receivedKBytesPerSec" : 38.9491932559826,
    "sentKBytesPerSec" : 6.7462239036678
  }
}