{
  "SearchByName" : {
    "transaction" : "SearchByName",
    "sampleCount" : 900,
    "errorCount" : 0,
    "errorPct" : 0.0,
    "meanResTime" : 406.92888888888905,
    "medianResTime" : 244.5,
    "minResTime" : 26.0,
    "maxResTime" : 3351.0,
    "pct1ResTime" : 960.1999999999998,
    "pct2ResTime" : 1311.3999999999978,
    "pct3ResTime" : 2348.7700000000004,
    "throughput" : 58.22981366459627,
    "receivedKBytesPerSec" : 31.332643876164596,
    "sentKBytesPerSec" : 10.121979328416149
  },
  "getCommodityInfo" : {
    "transaction" : "getCommodityInfo",
    "sampleCount" : 900,
    "errorCount" : 0,
    "errorPct" : 0.0,
    "meanResTime" : 363.2466666666667,
    "medianResTime" : 206.0,
    "minResTime" : 25.0,
    "maxResTime" : 3574.0,
    "pct1ResTime" : 909.2999999999998,
    "pct2ResTime" : 1178.85,
    "pct3ResTime" : 2013.880000000001,
    "throughput" : 58.214747736093145,
    "receivedKBytesPerSec" : 59.40860486739974,
    "sentKBytesPerSec" : 10.289911465071151
  },
  "AddEvaluation" : {
    "transaction" : "AddEvaluation",
    "sampleCount" : 900,
    "errorCount" : 0,
    "errorPct" : 0.0,
    "meanResTime" : 358.56111111111113,
    "medianResTime" : 190.0,
    "minResTime" : 23.0,
    "maxResTime" : 3405.0,
    "pct1ResTime" : 826.6999999999999,
    "pct2ResTime" : 1258.8499999999972,
    "pct3ResTime" : 2051.5000000000014,
    "throughput" : 58.40363400389358,
    "receivedKBytesPerSec" : 17.908926833225177,
    "sentKBytesPerSec" : 16.59712646009085
  },
  "AddList" : {
    "transaction" : "AddList",
    "sampleCount" : 900,
    "errorCount" : 0,
    "errorPct" : 0.0,
    "meanResTime" : 484.66999999999996,
    "medianResTime" : 287.0,
    "minResTime" : 16.0,
    "maxResTime" : 3426.0,
    "pct1ResTime" : 1174.1999999999998,
    "pct2ResTime" : 1595.4499999999994,
    "pct3ResTime" : 2475.7400000000002,
    "throughput" : 58.39226626873418,
    "receivedKBytesPerSec" : 17.882378106144163,
    "sentKBytesPerSec" : 10.663431437747356
  },
  "WishListRemove" : {
    "transaction" : "WishListRemove",
    "sampleCount" : 900,
    "errorCount" : 0,
    "errorPct" : 0.0,
    "meanResTime" : 382.68333333333294,
    "medianResTime" : 230.5,
    "minResTime" : 17.0,
    "maxResTime" : 2596.0,
    "pct1ResTime" : 946.5999999999999,
    "pct2ResTime" : 1216.9499999999998,
    "pct3ResTime" : 1996.810000000001,
    "throughput" : 58.430175939752,
    "receivedKBytesPerSec" : 15.15196664205025,
    "sentKBytesPerSec" : 10.898597270012335
  },
  "ShoppingCartRemove" : {
    "transaction" : "ShoppingCartRemove",
    "sampleCount" : 900,
    "errorCount" : 0,
    "errorPct" : 0.0,
    "meanResTime" : 362.1199999999996,
    "medianResTime" : 216.5,
    "minResTime" : 18.0,
    "maxResTime" : 3473.0,
    "pct1ResTime" : 820.8,
    "pct2ResTime" : 1190.7999999999997,
    "pct3ResTime" : 1769.97,
    "throughput" : 58.339275296557986,
    "receivedKBytesPerSec" : 15.127888097977571,
    "sentKBytesPerSec" : 11.337417757827186
  },
  "Total" : {
    "transaction" : "Total",
    "sampleCount" : 9000,
    "errorCount" : 0,
    "errorPct" : 0.0,
    "meanResTime" : 386.909333333333,
    "medianResTime" : 221.0,
    "minResTime" : 16.0,
    "maxResTime" : 4701.0,
    "pct1ResTime" : 957.0,
    "pct2ResTime" : 1302.949999999999,
    "pct3ResTime" : 2140.99,
    "throughput" : 573.577209865528,
    "receivedKBytesPerSec" : 262.494411107482,
    "sentKBytesPerSec" : 115.05152236951118
  },
  "AddShoppingCart" : {
    "transaction" : "AddShoppingCart",
    "sampleCount" : 900,
    "errorCount" : 0,
    "errorPct" : 0.0,
    "meanResTime" : 451.28000000000003,
    "medianResTime" : 262.0,
    "minResTime" : 17.0,
    "maxResTime" : 3921.0,
    "pct1ResTime" : 1112.4999999999995,
    "pct2ResTime" : 1518.4999999999993,
    "pct3ResTime" : 2366.8900000000012,
    "throughput" : 58.2448873932177,
    "receivedKBytesPerSec" : 17.781185789056433,
    "sentKBytesPerSec" : 11.091555704763138
  },
  "Login" : {
    "transaction" : "Login",
    "sampleCount" : 900,
    "errorCount" : 0,
    "errorPct" : 0.0,
    "meanResTime" : 342.3344444444449,
    "medianResTime" : 192.5,
    "minResTime" : 22.0,
    "maxResTime" : 2860.0,
    "pct1ResTime" : 805.9,
    "pct2ResTime" : 1145.5999999999995,
    "pct3ResTime" : 2031.4400000000014,
    "throughput" : 58.32793259883344,
    "receivedKBytesPerSec" : 14.9807092514582,
    "sentKBytesPerSec" : 14.752865764744005
  },
  "AddToGameLibrary " : {
    "transaction" : "AddToGameLibrary ",
    "sampleCount" : 900,
    "errorCount" : 0,
    "errorPct" : 0.0,
    "meanResTime" : 326.43444444444486,
    "medianResTime" : 177.0,
    "minResTime" : 18.0,
    "maxResTime" : 4701.0,
    "pct1ResTime" : 801.1999999999998,
    "pct2ResTime" : 1111.299999999999,
    "pct3ResTime" : 1822.1200000000017,
    "throughput" : 58.65102639296188,
    "receivedKBytesPerSec" : 17.812958211143695,
    "sentKBytesPerSec" : 10.997067448680351
  },
  "CommodityInfo" : {
    "transaction" : "CommodityInfo",
    "sampleCount" : 900,
    "errorCount" : 0,
    "errorPct" : 0.0,
    "meanResTime" : 390.83444444444467,
    "medianResTime" : 211.0,
    "minResTime" : 25.0,
    "maxResTime" : 3074.0,
    "pct1ResTime" : 1010.6999999999999,
    "pct2ResTime" : 1359.4499999999994,
    "pct3ResTime" : 2170.96,
    "throughput" : 58.97385492431689,
    "receivedKBytesPerSec" : 60.18327968350698,
    "sentKBytesPerSec" : 10.424089591114607
  }
}